balPayments,expDlr,expWgt,hsCd,impDlr,impWgt,statCd,statCdCntnKor1,statKor,year,material
-31738887,0,0,270111,31738887,166127821,AU,호주,무연탄,2025.01,석탄(무연탄/유연탄)
-426799744,0,0,270112,426799744,2875420610,AU,호주,유연탄,2025.01,석탄(무연탄/유연탄)
-99,0,0,270119,99,20,AU,호주,그 밖의 석탄,2025.01,석탄(무연탄/유연탄)
-22081708,0,0,270111,22081708,122220050,AU,호주,무연탄,2025.02,석탄(무연탄/유연탄)
-258298298,0,0,270112,258298298,1814598477,AU,호주,유연탄,2025.02,석탄(무연탄/유연탄)
-28,0,0,270119,28,5,AU,호주,그 밖의 석탄,2025.02,석탄(무연탄/유연탄)
-9364759,0,0,270111,9364759,57245000,AU,호주,무연탄,2025.03,석탄(무연탄/유연탄)
-293588174,0,0,270112,293588174,1974765678,AU,호주,유연탄,2025.03,석탄(무연탄/유연탄)
-91,0,0,270119,91,19,AU,호주,그 밖의 석탄,2025.03,석탄(무연탄/유연탄)
-33848572,0,0,270111,33848572,224108460,AU,호주,무연탄,2025.04,석탄(무연탄/유연탄)
-436514603,0,0,270112,436514603,2889343611,AU,호주,유연탄,2025.04,석탄(무연탄/유연탄)
-270,0,0,270119,270,79,AU,호주,그 밖의 석탄,2025.04,석탄(무연탄/유연탄)
-17015210,0,0,270111,17015210,101617000,AU,호주,무연탄,2025.05,석탄(무연탄/유연탄)
-297941957,0,0,270112,297941957,2060210544,AU,호주,유연탄,2025.05,석탄(무연탄/유연탄)
-165,0,0,270119,165,38,AU,호주,그 밖의 석탄,2025.05,석탄(무연탄/유연탄)
-19333461,0,0,270111,19333461,118645010,AU,호주,무연탄,2025.06,석탄(무연탄/유연탄)
-281334151,0,0,270112,281334151,1965222302,AU,호주,유연탄,2025.06,석탄(무연탄/유연탄)
-606,0,0,270119,606,173,AU,호주,그 밖의 석탄,2025.06,석탄(무연탄/유연탄)
-13825919,0,0,270111,13825919,87421000,AU,호주,무연탄,2025.07,석탄(무연탄/유연탄)
-455002713,0,0,270112,455002713,3602630637,AU,호주,유연탄,2025.07,석탄(무연탄/유연탄)
-127,0,0,270119,127,26,AU,호주,그 밖의 석탄,2025.07,석탄(무연탄/유연탄)
-26665,0,0,270120,26665,24640,AU,호주,석탄으로 제조한 연탄ㆍ조개탄(ovoid)과 이와 유사한 고체 연료,2025.07,석탄(무연탄/유연탄)
-12987613,0,0,270111,12987613,83094720,AU,호주,무연탄,2025.08,석탄(무연탄/유연탄)
-338578907,0,0,270112,338578907,2622965486,AU,호주,유연탄,2025.08,석탄(무연탄/유연탄)
-26,0,0,270119,26,5,AU,호주,그 밖의 석탄,2025.08,석탄(무연탄/유연탄)
-4928571,0,0,270111,4928571,60000000,AU,호주,무연탄,2025.09,석탄(무연탄/유연탄)
-465820471,0,0,270112,465820471,3571289834,AU,호주,유연탄,2025.09,석탄(무연탄/유연탄)
-176,0,0,270119,176,37,AU,호주,그 밖의 석탄,2025.09,석탄(무연탄/유연탄)
-19132100,0,0,270111,19132100,126172000,AU,호주,무연탄,2025.10,석탄(무연탄/유연탄)
-435800858,0,0,270112,435800858,3872193236,AU,호주,유연탄,2025.10,석탄(무연탄/유연탄)
-189,0,0,270119,189,35,AU,호주,그 밖의 석탄,2025.10,석탄(무연탄/유연탄)
-17662321,0,0,270111,17662321,115346030,AU,호주,무연탄,2025.11,석탄(무연탄/유연탄)
-409971061,0,0,270112,409971061,3042116489,AU,호주,유연탄,2025.11,석탄(무연탄/유연탄)
-128,0,0,270119,128,27,AU,호주,그 밖의 석탄,2025.11,석탄(무연탄/유연탄)
-454512594,0,0,270112,454512594,3159313247,AU,호주,유연탄,2025.12,석탄(무연탄/유연탄)
-430,0,0,270119,430,103,AU,호주,그 밖의 석탄,2025.12,석탄(무연탄/유연탄)
-224509848,0,0,270112,224509848,2601426011,ID,인도네시아,유연탄,2025.01,석탄(무연탄/유연탄)
-10426446,0,0,270119,10426446,146161011,ID,인도네시아,그 밖의 석탄,2025.01,석탄(무연탄/유연탄)
-221814641,0,0,270112,221814641,2435483081,ID,인도네시아,유연탄,2025.02,석탄(무연탄/유연탄)
-8442349,0,0,270119,8442349,142100005,ID,인도네시아,그 밖의 석탄,2025.02,석탄(무연탄/유연탄)
-183687114,0,0,270112,183687114,2130369630,ID,인도네시아,유연탄,2025.03,석탄(무연탄/유연탄)
-13296619,0,0,270119,13296619,216682010,ID,인도네시아,그 밖의 석탄,2025.03,석탄(무연탄/유연탄)
-110120387,0,0,270112,110120387,1371955086,ID,인도네시아,유연탄,2025.04,석탄(무연탄/유연탄)
-4334259,0,0,270119,4334259,72350000,ID,인도네시아,그 밖의 석탄,2025.04,석탄(무연탄/유연탄)
-67530125,0,0,270112,67530125,966575219,ID,인도네시아,유연탄,2025.05,석탄(무연탄/유연탄)
-15818509,0,0,270119,15818509,235260085,ID,인도네시아,그 밖의 석탄,2025.05,석탄(무연탄/유연탄)
-58,0,0,270120,58,15,ID,인도네시아,석탄으로 제조한 연탄ㆍ조개탄(ovoid)과 이와 유사한 고체 연료,2025.05,석탄(무연탄/유연탄)
-146254624,0,0,270112,146254624,1908008000,ID,인도네시아,유연탄,2025.06,석탄(무연탄/유연탄)
-4456018,0,0,270119,4456018,77005,ID,인도네시아,그 밖의 석탄,2025.06,석탄(무연탄/유연탄)
-162794189,0,0,270112,162794189,2235904021,ID,인도네시아,유연탄,2025.07,석탄(무연탄/유연탄)
-12144656,0,0,270119,12144656,214420000,ID,인도네시아,그 밖의 석탄,2025.07,석탄(무연탄/유연탄)
-250033345,0,0,270112,250033345,3596866005,ID,인도네시아,유연탄,2025.08,석탄(무연탄/유연탄)
-7665184,0,0,270119,7665184,139500031,ID,인도네시아,그 밖의 석탄,2025.08,석탄(무연탄/유연탄)
-212989941,0,0,270112,212989941,2856912020,ID,인도네시아,유연탄,2025.09,석탄(무연탄/유연탄)
-16059178,0,0,270119,16059178,256110024,ID,인도네시아,그 밖의 석탄,2025.09,석탄(무연탄/유연탄)
-178104395,0,0,270112,178104395,2493276005,ID,인도네시아,유연탄,2025.10,석탄(무연탄/유연탄)
-7551698,0,0,270119,7551698,146546000,ID,인도네시아,그 밖의 석탄,2025.10,석탄(무연탄/유연탄)
-156434435,0,0,270112,156434435,2082257161,ID,인도네시아,유연탄,2025.11,석탄(무연탄/유연탄)
-7985892,0,0,270119,7985892,143000005,ID,인도네시아,그 밖의 석탄,2025.11,석탄(무연탄/유연탄)
-140100398,0,0,270112,140100398,1965713089,ID,인도네시아,유연탄,2025.12,석탄(무연탄/유연탄)
-12354799,0,0,270119,12354799,216160011,ID,인도네시아,그 밖의 석탄,2025.12,석탄(무연탄/유연탄)
-41363967,0,0,270112,41363967,346266484,US,미국,유연탄,2025.01,석탄(무연탄/유연탄)
-83825085,0,0,270112,83825085,696408223,US,미국,유연탄,2025.02,석탄(무연탄/유연탄)
-28073464,0,0,270112,28073464,237169833,US,미국,유연탄,2025.03,석탄(무연탄/유연탄)
-81008702,0,0,270112,81008702,529947212,US,미국,유연탄,2025.04,석탄(무연탄/유연탄)
-25639846,0,0,270112,25639846,325331073,US,미국,유연탄,2025.05,석탄(무연탄/유연탄)
-30,0,0,270120,30,2,US,미국,석탄으로 제조한 연탄ㆍ조개탄(ovoid)과 이와 유사한 고체 연료,2025.05,석탄(무연탄/유연탄)
-23802999,0,0,270112,23802999,290751439,US,미국,유연탄,2025.06,석탄(무연탄/유연탄)
-354,68,8,270120,422,93,US,미국,석탄으로 제조한 연탄ㆍ조개탄(ovoid)과 이와 유사한 고체 연료,2025.06,석탄(무연탄/유연탄)
-813,0,0,270111,813,61,US,미국,무연탄,2025.07,석탄(무연탄/유연탄)
-38192316,0,0,270112,38192316,243485146,US,미국,유연탄,2025.07,석탄(무연탄/유연탄)
-37539202,0,0,270112,37539202,406762000,US,미국,유연탄,2025.08,석탄(무연탄/유연탄)
-40354718,0,0,270112,40354718,283329558,US,미국,유연탄,2025.09,석탄(무연탄/유연탄)
-14,0,0,270119,14,1,US,미국,그 밖의 석탄,2025.09,석탄(무연탄/유연탄)
-15169870,0,0,270112,15169870,76172101,US,미국,유연탄,2025.10,석탄(무연탄/유연탄)
-78,0,0,270119,78,5,US,미국,그 밖의 석탄,2025.10,석탄(무연탄/유연탄)
-12147018,0,0,270112,12147018,160588000,US,미국,유연탄,2025.11,석탄(무연탄/유연탄)
-1880,0,0,270111,1880,1227,US,미국,무연탄,2025.12,석탄(무연탄/유연탄)
-28857793,0,0,270112,28857793,156112924,US,미국,유연탄,2025.12,석탄(무연탄/유연탄)
