time,temp,feels_like,humidity,precip,precip_prob,wind,kind,status
2026-08-24 00:00:00,25.1,31.0,93,0.0,0,0.8,실측,작업가능
2026-08-24 01:00:00,24.5,29.9,94,0.0,1,2.5,실측,작업가능
2026-08-24 02:00:00,24.2,29.4,94,0.0,1,3.3,실측,작업가능
2026-08-24 03:00:00,23.9,29.1,95,0.0,2,2.7,실측,작업가능
2026-08-24 04:00:00,23.7,28.8,96,0.0,2,2.5,실측,작업가능
2026-08-24 05:00:00,23.6,28.8,97,0.0,3,2.9,실측,작업가능
2026-08-24 06:00:00,23.2,28.1,98,0.0,4,3.1,실측,작업가능
2026-08-24 07:00:00,23.4,28.7,98,0.0,8,1.8,실측,작업가능
2026-08-24 08:00:00,24.6,30.1,92,0.0,13,1.1,실측,작업가능
2026-08-24 09:00:00,26.3,32.0,84,0.0,16,0.7,실측,작업가능
2026-08-24 10:00:00,28.2,34.1,78,0.0,13,1.1,실측,작업가능
2026-08-24 11:00:00,29.8,36.3,73,0.0,7,2.2,실측,작업가능
2026-08-24 12:00:00,31.0,38.0,69,0.0,6,3.6,실측,작업가능
2026-08-24 13:00:00,31.7,38.3,66,0.0,16,5.1,실측,작업가능
2026-08-24 14:00:00,32.2,38.6,63,0.0,32,6.2,실측,주의
2026-08-24 15:00:00,32.3,38.3,62,0.0,39,6.3,실측,주의
2026-08-24 16:00:00,31.4,37.0,67,0.0,30,6.9,실측,주의
2026-08-24 17:00:00,30.2,35.4,70,0.0,12,6.7,실측,작업가능
2026-08-24 18:00:00,28.9,33.6,71,0.0,0,6.3,실측,작업가능
2026-08-24 19:00:00,27.5,32.6,79,0.0,0,5.4,실측,작업가능
2026-08-24 20:00:00,26.8,32.0,83,0.0,2,4.7,실측,작업가능
2026-08-24 21:00:00,26.2,31.9,88,0.0,4,3.2,실측,작업가능
2026-08-24 22:00:00,25.4,31.2,93,0.0,2,3.4,실측,작업가능
2026-08-24 23:00:00,25.1,30.3,94,0.0,0,6.1,실측,작업가능
2026-08-25 00:00:00,24.8,30.3,96,0.0,2,5.0,실측,작업가능
2026-08-25 01:00:00,24.5,30.2,98,0.0,11,3.9,실측,작업가능
2026-08-25 02:00:00,24.2,29.9,99,0.0,25,3.3,실측,작업가능
2026-08-25 03:00:00,24.0,29.5,99,0.0,39,3.9,실측,주의
2026-08-25 04:00:00,24.1,29.7,99,0.0,52,3.3,실측,주의
2026-08-25 05:00:00,23.9,29.3,99,0.0,65,3.4,실측,중단
2026-08-25 06:00:00,23.8,29.1,99,0.0,75,4.1,실측,중단
2026-08-25 07:00:00,24.1,29.8,99,0.1,82,3.1,실측,중단
2026-08-25 08:00:00,24.6,30.7,99,0.0,85,2.6,실측,중단
2026-08-25 09:00:00,25.1,31.4,98,0.1,88,2.0,실측,중단
2026-08-25 10:00:00,26.7,33.2,91,0.1,90,2.1,실측,중단
2026-08-25 11:00:00,27.9,34.7,86,0.3,90,1.8,실측,중단
2026-08-25 12:00:00,28.4,35.1,84,1.3,88,3.0,실측,중단
2026-08-25 13:00:00,28.3,35.1,87,2.4,80,3.7,실측,중단
2026-08-25 14:00:00,29.3,35.5,78,0.2,69,4.2,실측,중단
2026-08-25 15:00:00,30.2,36.2,72,0.0,63,3.7,실측,중단
2026-08-25 16:00:00,30.0,35.8,72,0.0,67,4.3,실측,중단
2026-08-25 17:00:00,29.1,34.8,76,0.0,75,4.7,실측,중단
2026-08-25 18:00:00,28.8,34.6,77,0.0,76,4.0,실측,중단
2026-08-25 19:00:00,27.8,33.5,81,0.0,63,3.3,실측,중단
2026-08-25 20:00:00,26.9,32.7,85,0.0,42,3.2,실측,주의
2026-08-25 21:00:00,26.0,31.9,90,0.0,25,2.9,실측,작업가능
2026-08-25 22:00:00,25.5,31.3,93,0.0,15,3.0,실측,작업가능
2026-08-25 23:00:00,25.1,31.0,95,0.0,8,2.5,실측,작업가능
2026-08-26 00:00:00,24.7,30.5,95,0.0,4,1.5,실측,작업가능
2026-08-26 01:00:00,24.1,29.6,97,0.0,3,3.1,실측,작업가능
2026-08-26 02:00:00,23.7,29.0,98,0.0,5,3.6,실측,작업가능
2026-08-26 03:00:00,23.6,28.8,98,0.0,6,3.2,실측,작업가능
2026-08-26 04:00:00,23.4,28.5,99,0.0,4,3.4,실측,작업가능
2026-08-26 05:00:00,23.2,28.3,99,0.0,2,2.8,실측,작업가능
2026-08-26 06:00:00,23.0,28.0,99,0.0,0,2.9,실측,작업가능
2026-08-26 07:00:00,23.3,28.5,99,0.0,0,2.5,실측,작업가능
2026-08-26 08:00:00,23.8,29.5,99,0.0,0,1.6,실측,작업가능
2026-08-26 09:00:00,24.0,29.7,99,0.0,0,1.6,실측,작업가능
2026-08-26 10:00:00,24.9,30.8,95,0.0,1,1.6,실측,작업가능
2026-08-26 11:00:00,26.4,31.9,85,0.0,3,3.1,실측,작업가능
2026-08-26 12:00:00,28.3,34.6,77,0.0,4,0.8,실측,작업가능
2026-08-26 13:00:00,29.5,35.1,70,0.0,4,1.5,실측,작업가능
2026-08-26 14:00:00,29.6,34.6,67,0.0,3,2.9,실측,작업가능
2026-08-26 15:00:00,29.1,34.1,68,0.0,2,1.8,실측,작업가능
2026-08-26 16:00:00,29.1,34.3,69,0.0,1,1.4,실측,작업가능
2026-08-26 17:00:00,29.1,34.4,70,0.0,1,1.5,실측,작업가능
2026-08-26 18:00:00,28.8,34.2,72,0.0,0,2.2,실측,작업가능
2026-08-26 19:00:00,27.7,33.2,78,0.0,0,2.5,실측,작업가능
2026-08-26 20:00:00,26.4,31.9,84,0.0,0,2.6,실측,작업가능
2026-08-26 21:00:00,25.6,31.0,88,0.0,0,2.6,실측,작업가능
2026-08-26 22:00:00,25.0,30.5,91,0.0,0,2.1,실측,작업가능
2026-08-26 23:00:00,24.9,30.0,90,0.0,0,3.8,실측,작업가능
2026-08-27 00:00:00,24.2,29.2,92,0.0,0,3.2,실측,작업가능
2026-08-27 01:00:00,23.9,28.7,93,0.0,0,3.1,실측,작업가능
2026-08-27 02:00:00,23.5,28.3,94,0.0,0,2.5,실측,작업가능
2026-08-27 03:00:00,23.3,27.8,94,0.0,0,4.0,실측,작업가능
2026-08-27 04:00:00,22.7,27.3,95,0.0,2,2.2,실측,작업가능
2026-08-27 05:00:00,22.5,27.1,96,0.0,5,2.1,실측,작업가능
2026-08-27 06:00:00,22.2,26.4,96,0.0,6,3.3,실측,작업가능
2026-08-27 07:00:00,22.4,26.7,95,0.0,5,2.6,실측,작업가능
2026-08-27 08:00:00,23.2,27.5,90,0.0,3,1.9,실측,작업가능
2026-08-27 09:00:00,24.7,29.3,84,0.0,2,1.4,실측,작업가능
2026-08-27 10:00:00,25.9,30.7,79,0.0,1,1.3,실측,작업가능
2026-08-27 11:00:00,27.3,32.2,75,0.0,1,1.8,실측,작업가능
2026-08-27 12:00:00,28.7,33.6,69,0.0,4,1.8,실측,작업가능
2026-08-27 13:00:00,29.5,34.4,66,0.0,10,1.8,실측,작업가능
2026-08-27 14:00:00,30.2,35.2,64,0.0,18,1.8,실측,작업가능
2026-08-27 15:00:00,30.6,35.6,62,0.0,29,1.4,실측,작업가능
2026-08-27 16:00:00,30.7,35.6,61,0.0,50,1.1,실측,주의
2026-08-27 17:00:00,30.6,35.5,61,0.0,74,1.1,실측,중단
2026-08-27 18:00:00,30.2,35.1,63,0.0,84,1.6,실측,중단
2026-08-27 19:00:00,28.9,34.0,70,0.0,67,2.4,실측,중단
2026-08-27 20:00:00,27.6,33.0,77,0.0,37,1.8,실측,주의
2026-08-27 21:00:00,27.0,32.7,81,0.0,14,0.8,실측,작업가능
2026-08-27 22:00:00,26.1,31.5,86,0.0,8,3.1,실측,작업가능
2026-08-27 23:00:00,25.5,30.7,87,0.0,9,3.2,실측,작업가능
2026-08-28 00:00:00,24.9,29.9,89,0.0,10,3.4,실측,작업가능
2026-08-28 01:00:00,24.5,29.2,90,0.0,10,4.1,실측,작업가능
2026-08-28 02:00:00,24.2,28.8,90,0.0,10,4.1,실측,작업가능
2026-08-28 03:00:00,24.0,28.4,91,0.0,10,5.4,실측,작업가능
2026-08-28 04:00:00,23.8,28.0,90,0.0,9,5.4,실측,작업가능
2026-08-28 05:00:00,23.7,27.7,89,0.0,8,5.1,실측,작업가능
2026-08-28 06:00:00,23.7,27.7,89,0.0,8,5.2,실측,작업가능
2026-08-28 07:00:00,23.8,27.9,88,0.0,6,5.1,실측,작업가능
2026-08-28 08:00:00,24.3,28.4,87,0.0,4,5.2,실측,작업가능
2026-08-28 09:00:00,25.6,29.8,82,0.0,10,6.1,실측,작업가능
2026-08-28 10:00:00,26.4,30.8,79,0.0,31,5.9,실측,주의
2026-08-28 11:00:00,27.1,31.7,77,0.0,60,5.7,실측,중단
2026-08-28 12:00:00,27.9,32.5,75,0.0,82,7.0,실측,중단
2026-08-28 13:00:00,28.6,33.7,74,0.0,91,4.9,실측,중단
2026-08-28 14:00:00,28.8,34.1,74,0.0,94,4.1,실측,중단
2026-08-28 15:00:00,29.2,34.5,73,0.0,96,4.7,실측,중단
2026-08-28 16:00:00,28.8,34.2,75,0.0,99,4.0,실측,중단
2026-08-28 17:00:00,28.0,33.5,78,0.1,100,3.6,실측,중단
2026-08-28 18:00:00,27.4,32.2,78,0.0,100,5.8,실측,중단
2026-08-28 19:00:00,26.6,31.4,81,0.0,96,5.4,실측,중단
2026-08-28 20:00:00,26.0,30.8,83,0.0,89,4.6,실측,중단
2026-08-28 21:00:00,25.4,30.4,88,0.0,82,4.0,실측,중단
2026-08-28 22:00:00,25.0,30.0,90,0.0,76,4.0,실측,중단
2026-08-28 23:00:00,24.6,29.5,91,0.0,71,4.5,실측,중단
2026-08-29 00:00:00,24.2,29.3,95,0.0,65,4.0,실측,중단
2026-08-29 01:00:00,24.0,29.0,95,0.3,58,4.5,실측,주의
2026-08-29 02:00:00,23.9,28.9,95,0.1,51,4.1,실측,주의
2026-08-29 03:00:00,23.6,28.7,96,0.1,45,3.1,실측,주의
2026-08-29 04:00:00,23.4,28.7,97,0.0,41,1.3,실측,주의
2026-08-29 05:00:00,23.3,28.6,98,0.0,38,1.1,실측,주의
2026-08-29 06:00:00,23.0,28.3,99,0.0,39,1.1,실측,주의
2026-08-29 07:00:00,23.1,28.4,98,0.0,48,1.1,실측,주의
2026-08-29 08:00:00,23.6,29.1,97,0.0,61,0.7,실측,중단
2026-08-29 09:00:00,24.5,30.1,95,0.0,69,2.1,실측,중단
2026-08-29 10:00:00,25.9,31.3,87,0.0,67,2.5,실측,중단
2026-08-29 11:00:00,26.7,31.9,82,0.0,59,3.5,실측,주의
2026-08-29 12:00:00,27.5,32.6,78,0.0,49,4.1,실측,주의
2026-08-29 13:00:00,27.8,32.7,76,0.0,37,5.4,실측,주의
2026-08-29 14:00:00,28.1,32.8,73,0.0,24,5.2,실측,작업가능
2026-08-29 15:00:00,28.7,33.5,71,0.0,14,4.6,실측,작업가능
2026-08-29 16:00:00,28.7,33.5,71,0.0,9,4.7,실측,작업가능
2026-08-29 17:00:00,28.3,32.9,71,0.0,7,3.9,실측,작업가능
2026-08-29 18:00:00,27.5,31.9,73,0.0,6,4.6,실측,작업가능
2026-08-29 19:00:00,26.3,30.6,77,0.0,5,4.6,실측,작업가능
2026-08-29 20:00:00,25.6,29.8,80,0.0,6,4.4,실측,작업가능
2026-08-29 21:00:00,25.0,29.4,83,0.0,10,3.1,실측,작업가능
2026-08-29 22:00:00,24.6,29.2,86,0.0,23,2.6,실측,작업가능
2026-08-29 23:00:00,24.0,28.6,90,0.3,40,2.8,실측,주의
2026-08-30 00:00:00,23.6,28.0,89,0.2,47,3.0,실측,주의
2026-08-30 01:00:00,23.3,27.8,91,0.0,36,1.6,실측,주의
2026-08-30 02:00:00,23.1,27.6,93,0.0,17,2.2,실측,작업가능
2026-08-30 03:00:00,22.9,27.5,93,0.0,2,1.8,실측,작업가능
2026-08-30 04:00:00,22.9,27.1,93,0.0,0,4.0,실측,작업가능
2026-08-30 05:00:00,22.4,26.7,95,0.0,2,2.5,실측,작업가능
2026-08-30 06:00:00,22.3,26.3,94,0.0,4,4.0,실측,작업가능
2026-08-30 07:00:00,22.1,26.1,95,0.4,4,3.7,실측,작업가능
2026-08-30 08:00:00,22.2,26.6,95,0.0,3,1.4,실측,작업가능
2026-08-30 09:00:00,22.7,27.0,94,0.2,6,3.6,실측,작업가능
2026-08-30 10:00:00,23.8,28.0,88,0.0,12,3.8,실측,작업가능
2026-08-30 11:00:00,25.0,29.5,84,0.0,22,4.0,실측,작업가능
2026-08-30 12:00:00,26.0,30.3,79,0.0,33,4.2,실측,주의
2026-08-30 13:00:00,26.6,31.0,74,0.0,48,2.4,실측,주의
2026-08-30 14:00:00,27.1,31.3,73,0.0,66,3.9,실측,중단
2026-08-30 15:00:00,26.6,31.2,77,0.0,80,2.7,실측,중단
2026-08-30 16:00:00,25.8,30.9,85,0.3,90,3.2,실측,중단
2026-08-30 17:00:00,25.7,31.0,86,0.2,97,2.1,실측,중단
2026-08-30 18:00:00,25.4,31.0,89,0.1,96,1.1,실측,중단
2026-08-30 19:00:00,25.0,30.3,90,0.0,83,2.6,실측,중단
2026-08-30 20:00:00,24.5,29.7,93,0.0,64,3.2,실측,중단
2026-08-30 21:00:00,23.8,29.1,96,0.2,47,2.2,실측,주의
2026-08-30 22:00:00,23.7,29.1,96,0.1,35,1.0,실측,주의
2026-08-30 23:00:00,23.4,28.5,97,0.2,27,3.0,실측,작업가능
2026-08-31 00:00:00,23.4,28.2,95,0.2,25,2.9,예보,작업가능
2026-08-31 01:00:00,23.0,27.8,96,0.3,33,2.8,예보,주의
2026-08-31 02:00:00,23.0,27.7,96,0.3,48,3.1,예보,주의
2026-08-31 03:00:00,22.9,27.5,96,1.4,63,3.4,예보,중단
2026-08-31 04:00:00,22.8,27.3,96,1.3,77,4.0,예보,중단
2026-08-31 05:00:00,22.6,27.2,97,2.3,90,3.3,예보,중단
2026-08-31 06:00:00,22.8,27.2,97,0.6,100,4.8,예보,중단
2026-08-31 07:00:00,23.1,27.4,95,3.2,100,5.4,예보,중단
2026-08-31 08:00:00,23.3,27.8,94,3.3,100,4.7,예보,중단
2026-08-31 09:00:00,23.3,26.5,87,1.6,100,8.2,예보,중단
2026-08-31 10:00:00,22.3,25.1,87,1.3,100,7.8,예보,중단
2026-08-31 11:00:00,22.1,24.9,89,0.7,100,7.8,예보,중단
2026-08-31 12:00:00,21.9,24.7,91,1.6,100,9.2,예보,중단
2026-08-31 13:00:00,21.9,24.9,94,12.1,99,9.2,예보,중단
2026-08-31 14:00:00,22.2,25.9,94,19.2,97,5.7,예보,중단
2026-08-31 15:00:00,23.0,27.0,92,0.4,96,5.0,예보,중단
2026-08-31 16:00:00,23.1,27.3,92,0.5,96,4.6,예보,중단
2026-08-31 17:00:00,23.0,27.1,93,1.3,96,4.7,예보,중단
2026-08-31 18:00:00,22.9,27.0,94,0.8,96,5.4,예보,중단
2026-08-31 19:00:00,22.8,26.9,94,0.2,96,4.7,예보,중단
2026-08-31 20:00:00,22.7,26.7,94,0.6,97,5.6,예보,중단
2026-08-31 21:00:00,22.5,26.5,94,1.3,96,4.5,예보,중단
2026-08-31 22:00:00,22.3,26.3,95,0.5,94,4.2,예보,중단
2026-08-31 23:00:00,22.2,26.2,95,0.1,91,4.2,예보,중단
2026-09-01 00:00:00,22.3,26.1,94,0.1,88,4.8,예보,중단
2026-09-01 01:00:00,22.1,25.7,95,3.5,85,6.5,예보,중단
2026-09-01 02:00:00,22.0,25.0,95,11.7,83,10.5,예보,중단
2026-09-01 03:00:00,21.9,25.7,95,33.7,82,4.2,예보,중단
2026-09-01 04:00:00,21.9,25.5,94,3.8,84,5.6,예보,중단
2026-09-01 05:00:00,21.9,25.8,94,1.7,88,3.0,예보,중단
2026-09-01 06:00:00,21.7,25.6,95,0.2,90,3.3,예보,중단
2026-09-01 07:00:00,21.6,25.7,96,0.9,89,2.3,예보,중단
2026-09-01 08:00:00,21.7,25.8,96,1.3,87,2.6,예보,중단
2026-09-01 09:00:00,21.9,26.1,96,3.1,86,2.0,예보,중단
2026-09-01 10:00:00,22.5,26.5,93,0.1,89,3.9,예보,중단
2026-09-01 11:00:00,23.6,27.9,88,0.0,94,3.1,예보,중단
2026-09-01 12:00:00,24.5,29.1,85,0.0,96,1.8,예보,중단
2026-09-01 13:00:00,25.4,30.2,82,0.0,93,1.3,예보,중단
2026-09-01 14:00:00,26.7,31.3,76,0.0,87,2.2,예보,중단
2026-09-01 15:00:00,27.7,32.2,71,0.0,78,2.3,예보,중단
2026-09-01 16:00:00,27.9,32.3,70,0.0,64,3.9,예보,중단
2026-09-01 17:00:00,27.1,31.8,75,0.0,47,2.9,예보,주의
2026-09-01 18:00:00,27.1,32.0,75,0.0,33,1.5,예보,주의
2026-09-01 19:00:00,26.2,31.3,82,0.0,23,2.1,예보,작업가능
2026-09-01 20:00:00,25.3,30.3,86,0.0,15,3.0,예보,작업가능
2026-09-01 21:00:00,24.6,29.5,88,0.0,10,2.6,예보,작업가능
2026-09-01 22:00:00,24.0,28.8,91,0.0,9,3.1,예보,작업가능
2026-09-01 23:00:00,23.8,28.2,90,0.0,10,3.6,예보,작업가능
2026-09-02 00:00:00,23.6,28.2,91,0.0,12,2.3,예보,작업가능
2026-09-02 01:00:00,23.3,27.7,92,0.0,13,3.1,예보,작업가능
2026-09-02 02:00:00,22.8,27.2,94,0.0,13,3.1,예보,작업가능
2026-09-02 03:00:00,22.8,27.0,93,0.0,14,3.5,예보,작업가능
2026-09-02 04:00:00,22.6,26.8,93,0.0,15,3.4,예보,작업가능
2026-09-02 05:00:00,22.4,26.5,94,0.0,15,3.3,예보,작업가능
2026-09-02 06:00:00,22.2,26.3,94,0.0,16,3.1,예보,작업가능
2026-09-02 07:00:00,22.2,26.2,94,0.0,16,3.6,예보,작업가능
2026-09-02 08:00:00,22.6,26.7,92,0.0,15,3.4,예보,작업가능
2026-09-02 09:00:00,23.2,27.4,90,0.0,16,3.1,예보,작업가능
2026-09-02 10:00:00,23.8,28.3,89,0.0,19,3.0,예보,작업가능
2026-09-02 11:00:00,24.2,29.0,91,0.3,24,3.3,예보,작업가능
2026-09-02 12:00:00,24.9,30.1,90,0.1,27,2.5,예보,작업가능
2026-09-02 13:00:00,26.0,31.0,82,0.0,29,2.7,예보,작업가능
2026-09-02 14:00:00,26.6,30.9,75,0.0,30,3.7,예보,주의
2026-09-02 15:00:00,27.1,30.6,68,0.0,29,4.8,예보,작업가능
2026-09-02 16:00:00,27.1,29.8,62,0.0,24,5.3,예보,작업가능
2026-09-02 17:00:00,26.8,29.5,63,0.0,16,4.8,예보,작업가능
2026-09-02 18:00:00,26.1,29.3,69,0.0,10,4.8,예보,작업가능
2026-09-02 19:00:00,24.7,28.0,77,0.0,8,4.6,예보,작업가능
2026-09-02 20:00:00,23.7,27.3,83,0.0,8,3.9,예보,작업가능
2026-09-02 21:00:00,23.0,26.7,86,0.0,8,3.2,예보,작업가능
2026-09-02 22:00:00,22.5,25.8,85,0.0,8,3.2,예보,작업가능
2026-09-02 23:00:00,22.0,24.9,85,0.0,8,3.6,예보,작업가능
2026-09-03 00:00:00,21.4,24.1,85,0.0,8,3.6,예보,작업가능
2026-09-03 01:00:00,21.0,23.6,85,0.0,9,3.5,예보,작업가능
2026-09-03 02:00:00,20.7,23.0,85,0.0,11,3.6,예보,작업가능
2026-09-03 03:00:00,20.5,22.9,85,0.0,12,2.9,예보,작업가능
2026-09-03 04:00:00,20.2,22.6,86,0.0,14,2.6,예보,작업가능
2026-09-03 05:00:00,19.7,22.1,88,0.0,15,1.6,예보,작업가능
2026-09-03 06:00:00,19.0,21.1,90,0.0,16,3.0,예보,작업가능
2026-09-03 07:00:00,19.5,21.6,89,0.0,15,4.5,예보,작업가능
2026-09-03 08:00:00,21.1,23.8,85,0.0,13,2.6,예보,작업가능
2026-09-03 09:00:00,23.1,26.2,78,0.0,10,2.2,예보,작업가능
2026-09-03 10:00:00,24.9,28.0,69,0.0,7,2.6,예보,작업가능
2026-09-03 11:00:00,26.7,30.3,60,0.0,4,3.3,예보,작업가능
2026-09-03 12:00:00,28.2,32.1,53,0.0,2,4.1,예보,작업가능
2026-09-03 13:00:00,29.2,33.1,48,0.0,2,5.0,예보,작업가능
2026-09-03 14:00:00,29.9,33.2,45,0.0,3,6.2,예보,작업가능
2026-09-03 15:00:00,30.1,32.5,45,0.0,4,7.9,예보,작업가능
2026-09-03 16:00:00,29.7,31.1,48,0.0,6,10.3,예보,작업가능
2026-09-03 17:00:00,28.8,30.0,54,0.0,9,13.1,예보,작업가능
2026-09-03 18:00:00,27.7,28.9,60,0.0,10,14.9,예보,작업가능
2026-09-03 19:00:00,26.3,27.5,65,0.0,8,14.8,예보,작업가능
2026-09-03 20:00:00,24.6,25.7,69,0.0,4,13.9,예보,작업가능
2026-09-03 21:00:00,23.3,24.4,73,0.0,2,12.7,예보,작업가능
2026-09-03 22:00:00,22.5,23.7,76,0.0,2,11.6,예보,작업가능
2026-09-03 23:00:00,21.9,23.3,78,0.0,3,10.0,예보,작업가능
2026-09-04 00:00:00,21.5,23.0,80,0.0,4,9.0,예보,작업가능
2026-09-04 01:00:00,21.2,22.7,80,0.0,5,8.8,예보,작업가능
2026-09-04 02:00:00,21.1,22.4,80,0.0,6,9.3,예보,작업가능
2026-09-04 03:00:00,20.9,22.0,80,0.0,6,9.8,예보,작업가능
2026-09-04 04:00:00,20.5,21.4,80,0.0,6,10.2,예보,작업가능
2026-09-04 05:00:00,20.2,20.8,79,0.0,5,10.7,예보,작업가능
2026-09-04 06:00:00,20.2,20.7,78,0.0,4,11.3,예보,작업가능
2026-09-04 07:00:00,20.9,21.3,75,0.0,4,11.9,예보,작업가능
2026-09-04 08:00:00,22.0,22.4,70,0.0,4,12.4,예보,작업가능
2026-09-04 09:00:00,23.2,23.5,66,0.0,4,13.3,예보,작업가능
2026-09-04 10:00:00,24.5,24.9,62,0.0,3,14.9,예보,작업가능
2026-09-04 11:00:00,25.9,26.8,58,0.0,3,16.9,예보,작업가능
2026-09-04 12:00:00,26.9,28.0,54,0.0,2,18.5,예보,작업가능
2026-09-04 13:00:00,27.5,28.5,52,0.0,1,19.3,예보,작업가능
2026-09-04 14:00:00,27.7,28.4,51,0.0,1,19.8,예보,작업가능
2026-09-04 15:00:00,27.5,27.6,51,0.0,0,19.8,예보,작업가능
2026-09-04 16:00:00,26.7,26.1,53,0.0,0,19.6,예보,작업가능
2026-09-04 17:00:00,25.5,24.9,57,0.0,0,19.1,예보,작업가능
2026-09-04 18:00:00,24.3,23.8,60,0.0,0,18.0,예보,작업가능
2026-09-04 19:00:00,23.2,22.7,63,0.0,0,16.1,예보,작업가능
2026-09-04 20:00:00,22.0,21.7,66,0.0,0,13.6,예보,작업가능
2026-09-04 21:00:00,20.9,20.8,68,0.0,0,11.5,예보,작업가능
2026-09-04 22:00:00,20.1,20.2,72,0.0,0,9.8,예보,작업가능
2026-09-04 23:00:00,19.4,19.8,76,0.0,0,8.7,예보,작업가능
2026-09-05 00:00:00,18.9,19.3,79,0.0,0,8.4,예보,작업가능
2026-09-05 01:00:00,18.5,18.9,80,0.0,1,9.0,예보,작업가능
2026-09-05 02:00:00,18.3,18.4,81,0.0,2,10.2,예보,작업가능
2026-09-05 03:00:00,18.1,18.1,81,0.0,2,10.7,예보,작업가능
2026-09-05 04:00:00,17.7,17.7,82,0.0,2,10.3,예보,작업가능
2026-09-05 05:00:00,17.3,17.4,84,0.0,1,9.3,예보,작업가능
2026-09-05 06:00:00,17.5,17.7,83,0.0,0,8.6,예보,작업가능
2026-09-05 07:00:00,18.7,19.1,79,0.0,0,8.3,예보,작업가능
2026-09-05 08:00:00,20.5,21.1,73,0.0,0,8.4,예보,작업가능
2026-09-05 09:00:00,22.2,22.8,67,0.0,0,9.1,예보,작업가능
2026-09-05 10:00:00,23.7,24.1,61,0.0,0,11.4,예보,작업가능
2026-09-05 11:00:00,25.1,25.6,55,0.0,0,15.3,예보,작업가능
2026-09-05 12:00:00,26.1,26.5,51,0.0,0,18.0,예보,작업가능
2026-09-05 13:00:00,26.4,26.7,49,0.0,1,18.2,예보,작업가능
2026-09-05 14:00:00,26.3,26.5,47,0.0,2,17.1,예보,작업가능
2026-09-05 15:00:00,26.2,25.9,47,0.0,2,16.4,예보,작업가능
2026-09-05 16:00:00,27.3,26.8,44,0.0,2,11.9,예보,작업가능
2026-09-05 17:00:00,26.4,26.1,48,0.0,1,11.7,예보,작업가능
2026-09-05 18:00:00,25.1,25.1,54,0.0,0,11.4,예보,작업가능
2026-09-05 19:00:00,23.7,24.0,60,0.0,0,11.0,예보,작업가능
2026-09-05 20:00:00,22.4,22.9,67,0.0,0,10.5,예보,작업가능
2026-09-05 21:00:00,21.4,22.0,72,0.0,0,10.1,예보,작업가능
2026-09-05 22:00:00,20.6,21.3,76,0.0,1,9.7,예보,작업가능
2026-09-05 23:00:00,19.9,20.6,79,0.0,1,9.3,예보,작업가능
2026-09-06 00:00:00,19.2,19.9,81,0.0,2,8.8,예보,작업가능
2026-09-06 01:00:00,18.6,19.3,83,0.0,3,8.2,예보,작업가능
2026-09-06 02:00:00,18.2,18.9,84,0.0,3,7.7,예보,작업가능
2026-09-06 03:00:00,18.0,18.7,85,0.0,4,7.5,예보,작업가능
2026-09-06 04:00:00,18.1,18.8,84,0.0,4,7.1,예보,작업가능
2026-09-06 05:00:00,18.3,19.1,82,0.0,4,6.6,예보,작업가능
2026-09-06 06:00:00,18.8,19.6,80,0.0,4,6.3,예보,작업가능
2026-09-06 07:00:00,19.3,20.1,76,0.0,4,5.8,예보,작업가능
2026-09-06 08:00:00,20.0,20.8,73,0.0,4,5.7,예보,작업가능
2026-09-06 09:00:00,20.7,21.4,69,0.0,4,5.7,예보,작업가능
2026-09-06 10:00:00,21.6,22.3,65,0.0,5,6.0,예보,작업가능
2026-09-06 11:00:00,22.8,23.9,59,0.0,7,6.7,예보,작업가능
2026-09-06 12:00:00,24.1,25.5,54,0.0,8,7.4,예보,작업가능
2026-09-06 13:00:00,25.3,26.6,49,0.0,10,8.3,예보,작업가능
2026-09-06 14:00:00,26.2,27.1,46,0.0,11,8.9,예보,작업가능
2026-09-06 15:00:00,26.5,26.9,45,0.0,12,9.5,예보,작업가능
2026-09-06 16:00:00,26.2,25.9,46,0.0,12,9.9,예보,작업가능
2026-09-06 17:00:00,25.3,25.0,48,0.0,11,10.2,예보,작업가능
2026-09-06 18:00:00,24.2,23.8,52,0.0,10,10.6,예보,작업가능
2026-09-06 19:00:00,22.9,22.5,57,0.0,9,11.0,예보,작업가능
2026-09-06 20:00:00,21.6,21.3,62,0.0,8,11.3,예보,작업가능
2026-09-06 21:00:00,20.7,20.3,66,0.0,8,11.4,예보,작업가능
2026-09-06 22:00:00,19.9,19.6,69,0.0,8,11.1,예보,작업가능
2026-09-06 23:00:00,19.2,19.0,73,0.0,9,10.4,예보,작업가능
